seconds,visible,temperature,flux
0,1,28,0.0008524974760205624
1,1,26.522656099252682,0.0009966450341745414
2,1,25.17203749696141,0.0011405718678271625
3,1,23.93889231633876,0.0012842721123875387
4,1,22.814641174943553,0.001427739920703549
5,1,21.791328248408952,0.0015709694632752398
6,1,20.86157589537896,0.0017139549284672536
7,1,20.01854258449746,0.0018566905227201812
8,1,19.255883883153277,0.0019991704707608676
9,1,18.567716285172025,0.002141389015811721
10,1,17.948583670859062,0.002283340419799025
11,1,17.393426207832704,0.002425018963560105
12,1,16.897551515026816,0.002566418947049495
13,1,16.45660792516785,0.0027075346895440444
14,1,16.066559693016373,0.0028483605298469856
15,1,15.723664007776213,0.0029888908264908555
16,1,15.424449678378616,0.00312911995793939
17,1,15.165697369903159,0.0032690423227883696
18,1,14.944421278256234,0.003408652339965276
19,1,14.75785213844251,0.003547944448927933
20,1,14.603421469381143,0.0036869131098620244
21,1,14.478746965281099,0.003825552803877516
22,1,14.38161895013831,0.0039638580332038865
23,1,14.309987817989164,0.004101823321384341
24,1,14.261952387185012,0.0042394432134688995
25,1,14.23574910217254,0.004376712276206212
26,1,14.229742021105427,0.004513625098234406
27,1,14.242413532100631,0.004650176290270702
28,1,14.272355745114595,0.00478636048529991
29,1,14.318262510272968,0.0049221723387617424
30,1,14.37892201706565,0.005057606528736979
31,1,14.45320993213637,0.005192657756132536
32,1,14.540083036472163,0.005327320744865215
33,1,14.638573325650361,0.0054615902420444345
34,1,14.747782539445383,0.005595461018153678
35,1,14.866877089550023,0.005728927867230826
36,1,14.995083356439354,0.005861985607047199
37,1,15.131683328514152,0.005994629079285516
38,1,15.276010558615235,0.006126853149716615
39,1,15.427446414812954,0.006258652708374905
40,1,15.585416604056777,0.006390022669732677
41,1,15.749387948828257,0.006520957972873205
42,1,15.918865398385698,0.006651453581662541
43,1,16.09338925752872,0.006781504484920239
44,1,16.272532617053304,0.006911105696588632
45,1,16.455898971219664,0.007040252255901108
46,1,16.643120008623594,0.007168939227548953
47,1,16.833853563852212,0.007297161701847077
48,1,17.027781718223494,0.007424914794898392
49,1,17.224609038760068,0.007552193648757079
50,1,17.42406094533785,0.0076789934315904225
51,1,17.625882196681594,0.007805309337839483
52,1,17.829835486558693,0.00793113658837854
53,1,18.035708408662476,0.008058803952371253
54,1,18.248280673129013,0.008251959346935653
55,1,18.471118919474325,0.008444610025352864
56,1,18.70340822303994,0.008636748503212591
57,2,18.944391966031645,0.008828367323464778
58,2,19.193367598093605,0.00901945905668554
59,2,19.449682705428312,0.009210016301341795
60,2,19.712731366008995,0.009400031684054462
61,2,19.981950770064685,0.009589497859860586
62,2,20.25681808653351,0.009778407512473922
63,2,20.536847557584483,0.009966753354544203
64,2,20.821587804610527,0.01015452812791516
65,2,21.110619330303656,0.010341724603881138
66,2,21.40355220254259,0.010528335583442315
67,2,21.700023906862118,0.010714353897558607
68,2,21.999697355235696,0.010899772407402178
69,2,22.302259039796272,0.011084584004608511
70,2,22.607417320947405,0.011268781611526162
71,2,22.914900840084833,0.01145235818146509
72,2,23.22445704786023,0.011635306698943554
73,2,23.53585083957861,0.011817620179933605
74,2,23.84886328993292,0.011999291672105162
75,2,24.163290479846836,0.012180314255068582
76,2,24.47894240872247,0.012360681040615985
77,2,24.79564198587788,0.012540385172960888
78,2,25.11322409541129,0.012719419828976501
79,2,25.431534729148616,0.01289777821843266
80,2,25.750430182719366,0.013075453584230994
81,2,26.069776310166805,0.013252439202639035
82,2,26.389447832832634,0.0134287283835224
83,2,26.709327698566202,0.013604314470575867
84,2,27.029306487596024,0.013779190841552656
85,2,27.349281861667393,0.013953350908492403
86,2,27.669158053297757,0.0141267881179475
87,2,27.98884539222982,0.014299495951207952
88,2,28.3082598663755,0.014471467924524785
89,2,28.627322714740394,0.014642697589331809
90,2,28.9459600500014,0.01481317853246584
91,2,29.264102508579224,0.014982904376385484
92,2,29.581684926205018,0.015151868779388306
93,2,29.898646037125175,0.01532006543582636
94,2,30.214928195224473,0.015487488076320305
95,2,30.530477115471843,0.01565413046797183
96,2,30.84524163420991,0.015819986414574553
97,2,31.159173486916732,0.01598504975682334
98,2,31.47222710216794,0.016149314372521907
99,2,31.7843594106203,0.016312774176789106
100,2,32.09552966792327,0.016475423122263293
101,2,32.405699290544774,0.016637255199305298
102,2,32.71483170357105,0.016798264436199653
103,2,33.02289219960936,0.016958444899354275
104,2,33.32984780798495,0.01711779069349846
105,2,33.63566717348312,0.017276295961879382
106,2,33.94032044394156,0.01743395488645675
107,2,34.24377916604865,0.017590761688095858
108,2,34.546016188750414,0.017746710626759272
109,2,34.84700557371205,0.017901796001696352
110,2,35.15646314561288,0.0182045179425799
111,2,35.48469164056689,0.018513788157302855
112,2,35.83024873401093,0.018822373421638023
113,3,36.1917811862247,0.019130261736568517
114,3,36.56803263585482,0.019437441125676636
115,3,36.95783655294716,0.019743899635562053
116,3,37.3601097048552,0.020049625336259383
117,3,37.77384609770152,0.02035460632165513
118,3,38.1981113587857,0.020658830709903972
119,3,38.63203752784979,0.020962286643844433
120,3,39.07481822744799,0.0212649622914139
121,3,39.525704184832804,0.0215668458460629
122,3,39.9839990797764,0.021867925527168736
123,3,40.449055694608646,0.0221681895804485
124,3,40.92027234447899,0.02246762627837127
125,3,41.397089567449235,0.022766223920569505
126,3,41.878987055509114,0.023063970834250068
127,3,42.36548080898213,0.02336085537460399
128,3,42.85612049806503,0.02365686592521595
129,3,43.35048701642716,0.02395199089847263
130,3,43.84819021289342,0.024246218735970465
131,3,44.348866788250795,0.02453953790892264
132,3,44.852178345162415,0.024831936918565167
133,3,45.35780958004705,0.025123404296562013
134,3,45.86546660659243,0.025413928605409853
135,3,46.37487540132392,0.02570349843884146
136,3,46.88578036234523,0.02599210242222849
137,3,47.39794297301602,0.026279729212983556
138,3,47.91114056292973,0.0265663675009609
139,3,48.4251651591105,0.026852006008856875
140,3,48.939822420863955,0.02713663349260882
141,3,49.45493065219405,0.027420238741793633
142,3,49.97031988614101,0.027702810580024967
143,3,50.48583103580679,0.0279843378653497
144,3,51.00131510721458,0.028264809490643358
145,3,51.516632469502724,0.028544214384004646
146,3,52.03165217828044,0.028822541509149095
147,3,52.54625134827665,0.029099779865801353
148,3,53.06031457169447,0.029375918490086892
149,3,53.573733378945285,0.029650946454922486
150,3,54.08640573867831,0.029924852870405732
151,3,54.59823559424564,0.0301976268842034
152,3,55.10913243395141,0.030469257681938988
153,3,55.619010892626214,0.030739734487578992
154,3,56.12779038224723,0.03100904656381813
155,3,56.63539474949006,0.03127718321246368
156,3,57.14175195825232,0.03154413377481838
157,3,57.64679379533158,0.031809887632062675
158,3,58.15045559757252,0.03207443420563528
159,3,58.652675998920905,0.03233776295761315
160,3,59.15339669593528,0.03259986339108999
161,3,59.65256223041345,0.03286072505055363
162,3,60.15011978788782,0.033120337522262434
163,3,60.646019010834515,0.03337869043462029
164,3,61.14021182552601,0.03363577345855053
165,3,61.632652281533176,0.03389157630786865
166,3,62.123296402957344,0.03414608873965382
167,3,62.61210205053754,0.0343993005546191
168,3,63.099028793841825,0.0346512015974806
169,3,63.58403779280872,0.03490178175732499
170,3,64.06709168795805,0.03515103096797638
171,3,64.54815449863993,0.035398939208361235
172,3,65.02719152873745,0.03564549650287264
173,3,65.50416927927961,0.03589069292173283
174,3,65.97905536746171,0.03613451858135451
175,3,66.4518184516079,0.036376963644701193
176,3,66.92242816164098,0.03661801832164552
177,3,67.39085503466032,0.03685767286932711
178,3,67.85707045525602,0.037095917592508215
179,3,68.32104660021318,0.037332742843928686
180,3,68.78275638728773,0.037568139024659226
181,3,69.24217342775684,0.03780209658445321
182,3,69.69927198246917,0.03803460602209738
183,3,70.15402692114043,0.038265657885760924
184,3,70.60641368465699,0.03849524277334326
185,3,71.05640825016931,0.03872335133282014
186,3,71.50398709877201,0.03894997426258884
187,3,71.94912718558123,0.039175102311811205
188,3,72.39180591203551,0.039398726280756
189,3,72.83200110025813,0.03962083702113902
190,3,73.26969096932996,0.03984142543646241
191,3,73.70485411333448,0.04006048248235189
192,3,74.13746948104554,0.040277999166892973
193,3,74.56751635713758,0.04049396655096549
194,3,74.9949743448081,0.04070837574857633
195,3,75.41982334970876,0.040921217927191195
196,3,75.84204356509026,0.041132484308064224
197,3,76.2616154580719,0.04134216616656646
198,3,76.67851975695407,0.04155025483251271
199,3,77.0927374394978,0.0417567416904865
200,3,77.50424972210006,0.041961618180163925
201,3,77.91303804980026,0.04216487579663562
202,3,78.31908408705655,0.04236650609072703
203,3,78.72236970923609,0.04256650066931729
204,3,79.12287699476714,0.04276485119565644
205,3,79.52058821790418,0.04296154938968086
206,3,79.91548584206177,0.0431565870283272
207,3,80.30755251367522,0.04334995594584455
208,3,80.69677105654938,0.043541648034105054
209,3,81.0831244666603,0.04373165524291264
210,3,81.46659590737589,0.043919969580310275
211,3,81.84716870506561,0.044106583112885504
212,3,82.22482634507018,0.044291487966074225
213,3,82.59955246800499,0.04447467632446248
214,3,82.97133086637236,0.04465614043208704
215,3,83.340145481461,0.04483587259273388
216,3,83.70598040051004,0.045013865170235014
217,3,84.06881985411954,0.04519011058876365
218,3,84.42864821388814,0.045364601333127225
219,3,84.78544999026228,0.04553732994905925
220,3,85.13920983058003,0.04570828904350879
221,3,85.48991251729629,0.045877471284928514
222,3,85.83754296637504,0.04604486940356079
223,3,86.18208622583707,0.04621047619172202
224,3,86.52352747445097,0.04637428450408505
225,3,86.86185202055694,0.04653628725795985
226,3,87.19704530101329,0.04669647743357232
227,3,87.52909288025724,0.046854848074341204
228,3,87.8579804494704,0.04701139228715318
229,3,88.18369382584171,0.047166103242635996
230,3,88.50621895192033,0.04731897417542988